"Qty";"Value";"Device";"Package";"Parts";"Description";"AVAILABILITY";"CATEGORY";"DESCRIPTION";"DRAIN_CURRENT";"HEIGHT";"MANUFACTURER";"MANUFACTURER_NAME";"MANUFACTURER_PART_NUMBER";"MF";"MOUSER_PART_NUMBER";"MOUSER_PRICE-STOCK";"MP";"MPN";"OC_FARNELL";"OC_NEWARK";"OPERATING_TEMP";"PACKAGE";"PART_STATUS";"POPULARITY";"PRICE";"PURCHASE-URL";"ROHS_COMPLIANT";"SERIES";"SPICEPREFIX";"SUB-CATEGORY";"THERMALLOSS";"TYPE";"VALUE";
"1";"";"CONN_02";"1X02";"J1";"Multi connection point. Often used as Generic Header-pin footprint for 0.1 inch spaced/style header connections";"";"";"";"";"";"";"";"";"";"";"";"";"";"";"";"";"";"";"";"";"";"";"";"";"";"";"";"";
"1";"10k";"R0603";"0603-R";"R2";"";"";"";"";"";"";"";"";"";"";"";"";"";"";"";"";"";"";"";"";"";"";"";"";"";"";"";"";"";
"2";"10u";"C0603";"0603-C";"C3, C4";"";"";"";"";"";"";"";"";"";"";"";"";"";"";"";"";"";"";"";"";"";"";"";"";"";"";"";"";"";
"1";"1M";"R0603";"0603-R";"R3";"";"";"";"";"";"";"";"";"";"";"";"";"";"";"";"";"";"";"";"";"";"";"";"";"";"";"";"";"";
"1";"1u";"C0603";"0603-C";"C5";"";"";"";"";"";"";"";"";"";"";"";"";"";"";"";"";"";"";"";"";"";"";"";"";"";"";"";"";"";
"1";"20k";"R0603";"0603-R";"R1";"";"";"";"";"";"";"";"";"";"";"";"";"";"";"";"";"";"";"";"";"";"";"";"";"";"";"";"";"";
"1";"240k";"R0603";"0603-R";"R4";"";"";"";"";"";"";"";"";"";"";"";"";"";"";"";"";"";"";"";"";"";"";"";"";"";"";"";"";"";
"2";"40u";"C-EUC1206";"C1206";"C1, C2";"CAPACITOR, European symbol";"";"";"";"";"";"";"";"";"";"";"";"";"";"";"";"";"";"";"54";"";"";"";"";"C";"";"";"";"";
"1";"56k";"R0603";"0603-R";"R5";"";"";"";"";"";"";"";"";"";"";"";"";"";"";"";"";"";"";"";"";"";"";"";"";"";"";"";"";"";
"1";"AD8531ARTZ-REEL7";"AD8531ARTZ-REEL7";"SOT95P280X145-5N";"IC1";"Low Cost, 250 mA Output, Single-Supply Amplifiers";"";"";"Low Cost, 250 mA Output, Single-Supply Amplifiers";"";"1.45mm";"";"Analog Devices";"AD8531ARTZ-REEL7";"";"584-AD8531ARTZ-R7";"https://www.mouser.co.uk/ProductDetail/Analog-Devices/AD8531ARTZ-REEL7?qs=%2FtpEQrCGXCznF5XgXexEPw%3D%3D";"";"";"";"";"";"";"";"";"";"";"";"";"";"";"";"";"";
"1";"DX07VN24WA2C1568";"DX07VN24WA2C1568";"JAE_DX07VN24WA2C1568";"J2";"CONN PLUG USB3.1 TYPEC 24POS SMD Check prices";"Warning";"";" USB-C (USB TYPE-C) USB 3.2 Gen 2 (USB 3.1 Gen 2, Superspeed + (USB 3.1)) Plug Connector 24 Position Surface Mount ";"";"";"";"";"";"JAE Electronics";"";"";"DX07VN24WA2C1568";"";"";"";"";"None";"";"";"None";"https://pricing.snapeda.com/search/part/DX07VN24WA2C1568/?ref=eda";"";"";"";"";"";"";"";
"1";"MINI-USB-SCHIELD-32005-201";"MINI-USB-SCHIELD-32005-201";"32005-201";"X1";"MINI USB-B Conector";"";"";"";"";"";"";"";"";"";"";"";"";"";"unknown";"unknown";"";"";"";"3";"";"";"";"";"";"";"";"";"";
"1";"PMOSFET";"PMOSFET_SOT23";"SOT23";"Q1";"P-Channel MOSFET - Generic";"";"Transistor";"";"";"";"";"";"";"";"";"";"";"";"";"";"";"";"";"";"";"";"";"";"";"MOSFET";"";"P-Channel";"PMOSFET";
